{
    "Current account balance": [
        -4.511111111111111,
        0,
        1.8666666666666663,
        5.0555555555555545,
        8.244444444444444
    ],
    "Net international investment position": [
        -127.63888888888889,
        -83.37777777777778,
        -39.116666666666674,
        0,
        49.405555555555566
    ],
    "Real effective exchange rate": [
        -4.316666666666666,
        0,
        3.25,
        7.033333333333333,
        10.816666666666665
    ],
    "Export performance against advanced economies": [
        -4.113327777777778,
        0,
        12.208283333333332,
        20.36908888888889,
        28.529894444444444
    ],
    "Nominal unit labour cost index": [
        0,
        4.822222222222221,
        13.15,
        21.477777777777774,
        29.80555555555555
    ],
    "General government gross debt": [
        41.41111111111111,
        69.68888888888888,
        97.96666666666667,
        126.24444444444444,
        154.5222222222222
    ],
    "Household debt": [
        32.69444444444444,
        49.58888888888889,
        66.48333333333333,
        83.37777777777778,
        100.27222222222223
    ],
    "NFC debt": [
        69.20555555555556,
        107.81111111111113,
        146.41666666666669,
        185.02222222222224,
        223.6277777777778
    ],
    "Household credit flow": [
        0,
        2.3333333333333326,
        5.399999999999999,
        8.466666666666665,
        11.533333333333331
    ],
    "NFC credit flow excluding FDI": [
        -11.205555555555556,
        -4.977777777777778,
        0,
        7.477777777777778,
        13.705555555555556
    ],
    "Nominal house price index": [
        0,
        2.4111111111111105,
        6.216666666666666,
        10.022222222222222,
        13.82777777777778
    ],
    "Unemployment rate": [
        5.56111111111111,
        8.52222222222222,
        11.48333333333333,
        14.444444444444441,
        17.40555555555555
    ],
    "Labour force participation rate": [
        0,
        0.5666666666666667,
        1.6666666666666667,
        2.7666666666666666,
        3.8666666666666663
    ]
}